1, 명량, 김한민, ['최민식', '류승룡', '조진웅'], ['김명곤', '진구', '이정현', '권율', '노민우', '김태훈', '이승준', '오타니 료헤이', '박보검', '김원해', '이해영', '장준녕', '김길동', '김강일', '강태영', '김민석', '박노식', '최덕문', '조복래', '문영동']
2, 신과함께-죄와 벌, 김용화, ['하정우', '차태현', '주지훈', '김향기', '마동석'], ['김동욱', '도경수', '오달수', '임원희', '장광', '정해균', '김수안']
3, 국제시장, 윤제균, ['황정민', '김윤진', '오달수', '정진영'], ['장영남', '라미란', '김슬기', '정영기', '맹세창', '박재우', '김재철']
4, 베테랑, 류승완, ['황정민', '유아인', '유해진', '오달수'], ['장윤주', '김시후', '오대환', '정웅인', '정만식', '송영창', '진경', '유인영', '박소담', '이동휘', '배성우', '천호진']
5, 7번방의 선물, 이환경, ['류승룡', '박신혜', '갈소원', '오달수', '박원상', '김정태', '정만식', '김기천'], ['조덕현 )', '조재윤', '박길수']
6, 암살, 최동훈, ['전지현', '이정재', '하정우'], ['오달수', '조진웅', '이경영', '최덕문', '김의성', '박병은', '김홍파', '진경', '김인우', '심희섭']
7, 택시운전사, 장훈, ['송강호', '토마스 크레취만)', '류준열'], ['유해진', '박혁권', '최귀화', '이정은']
8, 부산행, 연상호, ['공유', '정유미', '마동석'], ['최우식', '안소희', '김의성', '김수안']
9, 변호인, 양우석, ['송강호', '김영애', '오달수', '곽도원', '임시완'], ['송영창', '정원중', '조민기', '이항나', '이성민', '차광수', '한기중', '심희섭', '김동현', '조완기', '차은재', '류수영)', '박수영)']
10, 검사외전, 이일형, ['황정민', '강동원'], ['이성민', '박성웅', '김응수', '신소율', '주진모', '김원해', '김홍파', '김병옥', '박종환', '전배수', '박지환', '손종학', '김종수', '한재영', '박지환', '이석준', '이선주']
11, 관상, 한재림, ['송강호', '이정재', '백윤식', '조정석', '이종석', '김혜수'], ['이도엽', '김의성']
12, 설국열차, 봉준호, ['크리스 에반스', '송강호', '에드 해리스', '존 허트', '틸다 스윈튼', '제이미 벨', '옥타비아 스펜서', '이완 브렘너', '고아성', '알리슨 필'], ['허찬']
13, 수상한 그녀, 황동혁, ['심은경', '나문희', '박인환', '성동일', '이진욱'], ['김현숙', '황정민', '김슬기', '박형우', '진영', '김동희', '한지은']
14, 해적: 바다로 간 산적, 이석훈, ['김남길', '손예진', '신정근'], ['유해진', '이경영', '오달수', '김태우', '박철민', '김원해', '조달환', '조희봉', '정성화', '최진리', '이이경', '권성영', '김재학', '김한준', '안내상', '이대연']
15, 공조, 김성훈, ['현빈', '유해진', '김주혁', '장영남', '이해영', '윤아', '이동휘'], ['박형수', '서은지', '신유철', '이재남']
16, 히말라야, 이석훈, ['황정민', '정우'], ['조성하', '김인권', '라미란', '김원해', '이해영', '전배수', '정유미', '유선']
17, 밀정, 김지운, ['송강호', '공유', '한지민'], ['츠루미 신고', '엄태구', '신성록', '서영주', '정유안', '이수광']
18, 1987, 장준환, ['김윤석', '하정우', '유해진', '김태리'], ['박희순', '이희준']
19, 베를린, 류승완, ['하정우', '한석규', '류승범', '전지현'], ['이경영', '최무성', '곽도원', '김서형', '백승익']
20, 마스터, 조의석, ['이병헌', '강동원', '김우빈'], ['엄지원', '오달수', '진경', '김정우']
21, 터널, 김성훈, ['하정우', '배두나', '오달수'], ['김종수']
22, 내부자들, 우민호, ['이병헌', '조승우', '백윤식'], ['이경영', '김홍파', '배성우', '조재윤', '김대명', '조우진', '이엘', '정만식', '김병옥', '김의성', '박진우', '남일우']
23, 인천상륙작전, 이재한, ['이정재', '이범수', '리암 니슨'], ['진세연', '정준호', '박철민', '김병옥', '이창세', '박정원', '션 리차드', '김희진']
24, 럭키, 이계벽, ['유해진', '이준', '조윤희', '임지연'], ['전혜빈', '이동휘']
25, 은밀하게 위대하게, 장철수, ['김수현', '박기웅', '이현우', '손현주', '신정근'], ['박혜숙', '김성균', '고창석', '장광', '홍경인', '이채영', '박은빈', '최우식', '이연경', '조영진']
26, 곡성, 나홍진, ['곽도원', '황정민', '쿠니무라 준', '천우희', '김환희', '전배수'], ['허진', '장소연', '김도윤', '손강국']
27, 범죄도시, 강윤성, ['마동석', '윤계상', '조재윤', '최귀화'], ['유지연', '진선규']
28, 군함도, 류승완, ['황정민', '소지섭', '송중기', '이정현', '김수안'], ['이경영']
29, 사도, 이준익, ['송강호', '유아인', '문근영'], ['전혜진', '김해숙', '박원상', '진지희', '박소담', '서예지', '김민규', '이대연', '최덕문', '정석용', '최민철', '조승연']
30, 연평해전, 김학순, ['김무열', '진구', '이현우', '이완'], ['이청아', '천민희', '이한종', '송재호', '박정학', '이철민']
31, 청년경찰, 김주환, ['박서준', '강하늘', '성동일', '박하선'], ['김규백', '정다은', '이하준', '이현일', '임대현', '박재홍', '박정훈', '장석진', '서은지', '서정우', '서지원', '신정화', '조윤주', '우상기', '이강재', '이다영', '최광원', '최지민', '이도현', '이상민', '이세희', '이수진', '한재욱', '이승희', '이은비', '이재웅', '이정수', '이주원']
32, 숨바꼭질, 허정, ['손현주', '문정희', '전미선'], ['김수안', '김원해', '노수산나', '정준원']
33, 덕혜옹주, 허진호, ['손예진', '박해일'], ['윤제문', '라미란', '정상훈', '박수영', '김소현', '박주미', '안내상', '김재욱', '김인우']
34, 더 테러 라이브, 김병우, ['하정우', '이경영', '전혜진', '이다윗'], ['김홍파', '김대명', '최진호', '김소진']
35, 감시자들, 조의석, ['설경구', '정우성', '한효주', '진경', '이준호'], ['임달화', '손민석', '김대진', '이태형', '강신하', '이동휘', '이화정', '김진곤', '김지훈', '신성일', '변요한', '정우근', '장원형', '김병옥']
36, 검은 사제들, 장재현, ['김윤석', '강동원'], ['박소담', '김병옥', '김의성', '이호재', '남일우', '손종학', '조수향']
37, 더 킹, 한재림, ['조인성', '정우성', '배성우', '류준열', '김의성', '이석호'], ['김민재', '정성모', '정은채', '김소진', '황승언', '이주연', '박정민']
38, 님아, 그 강을 건너지 마오, 진모영, ['조병만', '강계열'], ['한경수']
39, 군도: 민란의 시대, 윤종빈, ['하정우', '강동원', '조진웅', '마동석', '정만식', '김성균', '김재영', '주진모', '이경영'], ['이성민', '윤지혜', '노남석 대역)', '송영창', '이경영', '김병옥']
40, 신세계, 박훈정, ['이정재', '최민식', '황정민'], ['박성웅', '송지효', '정영기', '김홍파', '장광', '김윤성', '최일화']
41, 판도라, 박정우, ['김남길', '김영애', '문정희', '정진영', '이경영', '강신일', '김대명', '유승목', '김주현', '김명민'], ['박선희']
42, 강철비, 양우석, ['정우성', '곽도원'], ['김갑수', '김의성', '이경영', '조우진', '정원중', '김명곤', '박은혜', '김지호', '안미나', '원진아']
43, 아가씨, 박찬욱, ['김민희', '김태리', '하정우', '조진웅'], ['김해숙', '문소리', '최병모', '김인우', '이용녀']
44, 용의자, 원신연, ['공유', '박희순', '조성하', '유다인', '김성균', '조재윤'], ['김민재', '김의성', '송재림', '최종률', '남보라', '기주봉']
45, 꾼, 장창원, ['현빈', '유지태'], ['배성우', '박성웅', '나나', '안세하', '최덕문']
46, 타짜-신의 손, 강형철, ['최승현', '신세경', '곽도원', '유해진', '김윤석', '이하늬', '김인권', '이경영', '고수희', '오정세'], ['박효주', '이준혁', '이동휘', '김원해']
47, 박수건달, 조진규, ['박신양', '김정태', '엄지원', '정혜영'], ['김성균', '최일화', '최지호', '김형범', '장원종']
48, 조선명탐정 : 사라진 놉의 딸, 김석윤, ['김명민', '오달수', '이연희'], ['조관우', '정원중', '최무성', '우현', '황정민']
49, 역린, 이재규, ['현빈', '정재영', '조정석', '한지민', '조재현', '박성웅', '김성령', '정은채'], ['석현', '송영창', '김대명', '천보근']
50, 남한산성, 황동혁, ['이병헌', '김윤석', '박해일', '고수', '박희순', '조우진'], ['박주운', '박지원', '백동현', '서병철', '장정국', '이정호', '이호중', '권효민']
51, 귀향, 조정래, ['손숙)', '강하나', '최리', '임성철', '정무성', '류신'], ['서미지', '정인기', '오지혜', '김시은', '이민영', '이수현', '이승현']
52, 신의 한 수, 조범구, ['정우성', '안성기', '이범수', '김인권', '이시영', '안길강', '최진혁'], ['강다혜', '유재상', '유순철', '김명수', '안서현', '이용녀', '김소진']
53, 끝까지 간다, 김성훈, ['이선균', '조진웅'], ['신정근', '정만식', '신동미', '김동영', '박보검']
54, 스파이, 이승준, ['설경구', '문소리', '다니엘 헤니', '고창석', '한예리', '오대환'], ['라미란', '서승인', '이대수', '이성제', '최승현']
55, 그것만이 내 세상, 최성현, ['이병헌', '윤여정', '박정민', '한지민'], ['김성령']
56, 아이 캔 스피크, 김현석, ['나문희', '이제훈'], ['박철민', '염혜란', '성유빈', '김소진', '이상희', '정연주', '이지훈', '손숙']
57, 타워, 김지훈, ['설경구', '손예진', '김상경', '차인표', '조민아'], ['김인권', '도지한', '안성기', '이한위', '김성오', '송재호', '박철민', '권현상', '전배수', '이창용']
58, 감기, 김성수, ['장혁', '수애', '박민하', '남문철'], ['유해진', '이희준', '김기현', '이상엽', '박효주', '박정민', '최병모', '차인표', '박예슬']
59, 스물, 이병헌, ['김우빈', '이준호', '강하늘'], ['오현경', '정소민', '이유비']
60, 형, 권수경, ['조정석', '도경수', '박신혜'], ['이연수']
61, 친구 2, 곽경택, ['유오성', '주진모', '김우빈'], ['이준혁', '장영남', '이철민', '기주봉', '정호빈', '지승현']
62, 프리즌, 나현, ['한석규', '김래원'], ['정웅인', '조재윤', '신성록', '곽민호', '유정호']
63, 극비수사, 곽경택, ['김윤석', '유해진'], ['송영창', '장영남', '정호빈', '이준혁', '이윤희', '남문철']
64, 표적, 창, ['류승룡', '유준상', '이진욱', '김성령', '조여정', '조은지', '김대명'], ['진구', '김동준', '이현욱', '장준녕']
65, 곤지암, 정범식, ['위하준', '박지현', '오아연', '문예원', '박성훈', '이승욱', '유제윤'], ['김진우']
66, 소원, 이준익, ['설경구', '엄지원', '이레'], ['김해숙', '김상호', '라미란', '양진성']
67, 살인자의 기억법, 원신연, ['설경구', '김남길', '설현', '오달수'], ['이현명', '장정윤', '전동성', '전동성', '전동성', '백연정', '백연정', '정동석', '정동석', '유지현', '윤선용', '추동우', '함연주', '이종건', '박상욱', '박상운', '전승표']
68, 탐정 : 더 비기닝, 김정훈, ['권상우', '성동일'], ['박해준', '이승준', '조복래', '서영희', '최성원', '홍은택', '이해영', '지대한']
69, 지금 만나러 갑니다, 이장훈, ['소지섭', '손예진'], ['김지환', '고창석', '이유진', '김현수', '배유람', '이준혁', '서정연']
70, 아수라, 김성수, ['정우성', '황정민', '주지훈'], ['김현빈', '곽도원', '정만식', '김원해', '김종수', '김해곤', '윤지혜', '오연아', '윤제문']
71, 보안관, 김형주, ['이성민', '조진웅', '김성균'], ['김종수', '조우진', '임현성', '배정남', '이정은']
72, 기술자들, 김홍선, ['김우빈', '김영철', '고창석', '이현우', '조윤희', '임주환', '조달환'], ['지승현']
73, 조작된 도시, 박광현, ['지창욱', '심은경', '안재홍'], ['오정세', '김상호', '김민교', '김기천', '이하늬']
74, 조선명탐정: 흡혈괴마의 비밀, 김석윤, ['김명민', '오달수', '김지원', '김범'], ['이민기']
75, 재심, 김태윤, ['정우', '강하늘', '김해숙', '이동휘', '한재영', '이경영'], ['박희정', '이정은', '김소진']
76, 화이: 괴물을 삼킨 아이, 장준환, ['여진구', '김윤석', '조진웅', '장현성', '김성균', '박해준', '임지은', '남지현'], ['유연석', '이준혁', '서영화']
77, 박열, 이준익, ['이제훈', '최희서', '김인우', '권율', '민진웅'], ['이병훈']
78, 악의 연대기, 백운학, ['손현주', '마동석', '최다니엘', '박서준'], ['이명준', '정원중']
79, 강남 1970, 유하, ['이민호', '김래원', '정진영'], ['설현', '유승목', '한재영', '이연두', '정호빈', '최진호', '엄효섭', '최병모', '지대한', '전배수', '윤종화', '서우진', '오형근', '곽민호']
80, 나의 사랑 나의 신부, 임찬상, ['조정석', '신민아'], ['윤정희', '김은비', '배성우', '라미란', '황정민', '서강준']
81, 굿바이 싱글, 김태곤, ['김혜수', '마동석', '김현수', '김용건'], ['서현진', '곽시양', '전석호', '이미도', '황미영', '이수경']
82, 몽타주, 정근섭, ['엄정화', '김상경', '송영창'], ['조희봉', '정해균', '유승목', '이준혁', '오대환', '기주봉']
83, 내부자들: 디 오리지널, 우민호, ['이병헌', '조승우', '백윤식'], ['이경영', '김홍파', '배성우', '조재윤', '김대명', '조우진', '이엘', '정만식', '김병옥', '박진우', '남일우', '김의성']
84, 뷰티 인사이드, 백, ['한효주', '김대명', '도지한', '배성우', '박신혜', '이범수', '박서준', '김상호', '천우희', '우에노 주리', '이재준', '김민재', '이현우', '조달환', '이진욱', '홍다미', '서강준', '김희원', '이동욱', '고아성', '김주혁', '유연석'], ['이동휘', '문숙', '이경영', '최용민', '이미도', '신동미', '김시은']
85, 봉이 김선달, 박대민, ['유승호', '조재현', '고창석', '라미란', '시우민', '연우진', '전석호'], ['서예지']
86, 남자가 사랑할 때, 한동욱, ['황정민', '한혜진', '곽도원', '최우리'], ['정만식', '손세빈', '김정수', '김병옥', '김홍파', '남일우', '남문철', '박지환']
87, 오늘의 연애, 박진표, ['이승기', '문채원'], ['이서진', '이경진']
88, 연애의 온도, 노덕, ['이민기', '김민희'], ['최무성', '라미란', '박병은', '하연수', '김강현']
89, 노무현입니다, 이창재, ['노무현'], ['이상호']
90, 집으로 가는 길, 방은진, ['전도연', '고수'], ['류태호', '조승연', '최민철', '배성우', '이동휘']
91, 공범, 국동석, ['손예진', '김갑수', '임형준'], ['이규한', '조안', '유원선', '이선아', '장루비', '최단비', '함채영', '김광규', '박사랑']
92, 대호, 박훈정, ['최민식'], ['정만식', '김상호', '성유빈', '오스기 렌', '정석원', '김홍파', '라미란', '이은우', '현승민', '우정국', '박인수', '유재명']
93, 전설의 주먹, 강우석, ['황정민', '유준상', '이요원', '윤제문', '정웅인', '구원'], ['성지루', '지우', '박정민', '박진우', '서범식)', '강신일', '강성진', '김종수']
94, 제보자, 임순례, ['박해일', '유연석', '이경영'], ['박원상', '류현경', '송하윤', '김강현', '김수안', '김중기', '이봉규', '이승준', '김경란']
95, 파파로티, 윤종찬, ['한석규', '이제훈'], ['오달수', '조진웅', '강소라', '이재용', '배성우', '차종호']
96, 쎄시봉, 김현석, ['김윤석', '정우', '한효주', '김희애', '진구', '장현성', '강하늘', '조복래', '김인권'], ['이미소', '안재홍', '이대연', '권해효']
97, 피끓는 청춘, 이연우, ['박보영', '이종석', '이세영', '김영광'], ['신현탁', '이은정', '김지혜', '김하경', '박정민', '라미란', '권해효', '김희원']
98, 임금님의 사건수첩, 문현성, ['이선균', '안재홍'], ['김희원', '주진모', '장영남', '경수진', '정해인', '조영진']
99, 우아한 거짓말, 이한, ['김희애', '고아성', '김유정', '김향기', '유아인'], ['강다영', '박지영', '이재구', '김민아', '김지훈']
100, 두근두근 내 인생, 이재용, ['송혜교', '강동원', '조성목'], ['백일섭', '황석정', '허준석', '김소진', '채서진']
101, 더 폰, 김봉주, ['손현주', '엄지원', '배성우'], ['이철민', '노정의', '장인섭', '조달환', '황석정']
102, 리틀 포레스트, 임순례, ['김태리', '류준열', '문소리', '진기주'], ['양상영']
103, 차이나타운, 한준희, ['김혜수', '김고은'], ['엄태구', '박보검', '고경표', '이수경']
104, 부라더, 장유정, ['마동석', '이동휘', '이하늬'], ['류정수', '배준수', '석정호', '신은영', '안백승', '안승주', '채지혜', '이성은', '이수민', '이은정', '한명순', '이재민', '이하은', '황인주', '황종환', '김근영']
105, 해무(海霧), 심성보, ['김윤석', '박유천', '한예리', '이희준', '문성근', '김상호', '유승목'], ['김영웅', '기주봉', '권병길']
106, 인간중독, 김대우, ['송승헌', '임지연', '조여정', '온주완', '유해진'], ['김정현', '전혜진', '배성우', '윤다경']
107, 탐정 홍길동: 사라진 마을, 조성희, ['이제훈', '김성균'], ['박근형', '정성화', '고아라', '노정의', '김하나', '유승목']
108, 런닝맨, 조동오, ['신하균', '이민호', '김상호', '조은지', '오정세'], ['주현', '김의성', '정석용', '남경읍']
109, 기억의 밤, 장항준, ['강하늘', '김무열', '문성근', '나영희'], ['최고', '박윤식', '박재영', '이동근', '이동진', '이승용']
110, 골든슬럼버, 노동석, ['강동원', '김의성', '한효주', '김성균', '김대명'], ['유재명']
111, 브이아이피, 박훈정, ['장동건', '김명민', '박희순', '이종석'], ['강소백', '임보라', '박재웅', '박준서', '박준호', '신수정', '안세진', '조청원', '지성훈', '최상재', '최우진', '이상민', '이윤하', '이주원']
112, 특별시민, 박인제, ['최민식', '곽도원', '심은경', '문소리', '라미란', '류혜영', '이기홍'], ['진선규', '이수경']
113, 궁합, 홍창표, ['심은경', '이승기'], ['김상경', '연우진', '강민혁', '최우식', '조복래', '최민호', '박선영']
114, 미스터 고, 김용화, ['서교', '성동일'], ['조재윤', '변희봉', '김인우', '김희원']
115, 사라진 밤, 이창희, ['김상경', '김강우', '김희애'], ['이한대']
116, 장산범, 허정, ['염정아', '박혁권'], ['허진', '신린아', '방유설', '이준혁', '이주원']
117, 특별수사: 사형수의 편지, 권종관, ['김명민', '김상호', '성동일'], ['김영애', '김향기', '김뢰하', '박수영', '박혁권', '최병모', '오민석', '이지훈', '박지환']
118, 찌라시: 위험한 소문, 김광식, ['김강우', '고창석', '박성웅', '정진영'], ['이준혁', '이채은', '진선규', '김의성']
119, 결혼전야, 홍지영, ['김강우', '김효진', '주지훈', '이연희', '옥택연', '마동석', '구잘 투르수노바', '이희준', '고준희'], ['정민주', '오나라']
120, 악녀, 정병길, ['김옥빈', '신하균', '성준', '김서형', '조은지'], ['이승주', '정해균', '박철민', '손민지', '민예지', '김연우']
121, 깡철이, 안권태, ['유아인', '김해숙', '정유미'], ['김정태', '김성오', '이시언', '신정근', '김인우', '장태성']
122, 시간이탈자, 곽재용, ['임수정', '조정석', '이진욱'], ['정진영', '이기우', '온주완', '전신환', '이민호', '신지수']
123, 해빙, 이수연, ['조진웅', '신구', '김대명'], ['송영창', '이청아', '윤세아', '이강재']
124, 더 웹툰: 예고살인, 김용균, ['이시영', '엄기준'], ['문가영', '권해효']
125, 바람 바람 바람, 이병헌, ['이성민', '신하균', '송지효', '이엘'], ['장영남', '고준']
126, 빅매치, 최호, ['이정재', '신하균', '이성민', '보아'], ['김의성', '손호준', '김종선', '배성우', '최우식', '김윤성']
127, 당신, 거기 있어줄래요, 홍지영, ['김윤석', '변요한', '채서진'], ['김상호', '안세하', '박혜수', '김호정']
128, 동주, 이준익, ['강하늘', '박정민'], ['김인우', '최홍일', '김정석', '최희서', '신윤주', '이선주']
129, 장수상회, 강제규, ['박근형', '윤여정', '조진웅', '한지민', '윤여정'], ['황우슬혜', '문가영', '찬열', '장문규', '이준혁', '김재화']
130, 슬로우 비디오, 김영탁, ['차태현', '남상미'], ['오달수', '고창석', '진경', '유영', '김강현', '최성원', '이준혁']
131, 미씽: 사라진 여자, 이언희, ['엄지원', '공효진'], ['서하늬']
132, 고령화 가족, 송해성, ['박해일', '윤제문', '공효진', '윤여정', '진지희'], ['김영재', '이영진', '유승목']
133, 하루, 조선호, ['김명민', '변요한', '유재명', '조은형', '신혜선'], ['박정민', '이승민']
134, 성난 변호사, 허종호, ['이선균', '김고은', '임원희'], ['장현성', '최재웅', '김윤혜', '홍성덕', '배유람', '박지영']
135, 간신, 민규동, ['주지훈', '김강우', '천호진', '임지연', '이유영'], ['송영창', '차지연', '기주봉', '장광', '류선영']
136, 오빠생각, 이한, ['임시완', '고아성', '이희준'], ['김현빈', '이준혁', '정준원', '이레', '김영재', '이건하']
137, 날, 보러와요, 이철하, ['강예원', '이상윤', '최진호'], ['지대한', '김종수', '이학주', '장태성', '유건']
138, 그놈이다, 윤준형, ['주원', '유해진', '이유영'], ['류혜영', '서현우', '이준혁', '김민서', '장인섭', '윤다경']
139, 동창생, 박홍수, ['최승현', '한예리'], ['윤제문', '조성하', '김유정', '동현배', '정호빈']
140, 염력, 연상호, ['류승룡', '심은경'], ['박정민', '김민재', '정유미']
141, 방황하는 칼날, 이정호, ['정재영', '이성민', '서준영'], ['이주승', '김수진', '김현', '김홍파', '김대명', '정석용']
142, 미쓰 와이프, 강효진, ['엄정화', '송승헌', '김상호', '라미란', '서신애'], ['이승호', '고수희', '황석하', '정지훈', '조덕제', '이용녀']
143, 고산자, 대동여지도, 강우석, ['차승원', '유준상', '김인권', '남지현'], ['신동미', '남경읍', '태인호', '공형진', '김종수']
144, 우리는 형제입니다, 장진, ['김성균', '조진웅', '윤진이'], ['이철민', '이해영', '조복래', '차은재']
145, 전국노래자랑, 이종필, ['김인권', '류현경', '김수미', '오광록', '유연석', '이초희', '오현경', '송해'], ['김환희']
146, 허삼관, 하정우, ['하정우', '하지원'], ['전혜진', '장광', '주진모', '성동일', '이경영', '김영애', '정만식', '조진웅', '김기천', '김성균', '윤은혜', '황보라', '전현석']
147, 불한당: 나쁜 놈들의 세상, 변성현, ['설경구', '임시완'], ['김희원', '전혜진', '이경영', '김성오']
148, 뽀로로 극장판 슈퍼썰매 대모험, 박영균, ['이선'], ['이미자', '김환진', '함수정', '홍소영', '조현정', '정미숙']
149, 열한시, 김현석, ['정재영', '김옥빈', '최다니엘'], ['이대연', '박철민', '신다은']
150, 살인의뢰, 손용호, ['김상경', '김성균', '박성웅'], ['윤승아', '조재윤', '김의성', '기주봉', '홍성덕', '오대환']
151, 좋아해줘, 박현진, ['이미연', '최지우', '김주혁', '유아인', '강하늘', '이솜'], ['하석진', '지윤호', '한재영', '이승연']
152, 대립군, 정윤철, ['이정재', '여진구', '김무열'], ['이솜', '박원상', '배수빈', '김명곤', '박해준', '박지환', '윤성민', '박호산']
153, 손님, 김광태, ['류승룡', '이성민', '천우희', '이준'], ['정경호', '김정영', '박시연', '이민지', '백승호', '이서연', '이승준', '정준원']
154, 뽀로로 극장판 공룡섬 대모험, 김현호, ['이선', '이미자', '함수정', '홍소영', '정미숙', '김서영', '김환진', '엄상현'], ['김일호']
155, 남쪽으로 튀어, 임순례, ['김윤석', '오연수', '한예리', '백승환', '박사랑'], ['김성균', '김태훈', '박진우']
156, 카트, 부지영, ['염정아', '문정희', '김영애', '김강우'], ['이승준', '도경수', '김수안', '지우', '황정민']
157, 상의원, 이원석, ['한석규', '고수', '박신혜', '유연석'], ['박소담', '배성우', '김재화', '이유비', '신소율']
158, 관능의 법칙, 권칠인, ['엄정화', '문소리', '조민수'], ['이경영', '이성민', '이재윤', '최무성', '진선규', '권해효']
159, 스플릿, 최국희, ['유지태', '이정현', '이다윗', '정성화'], ['조선묵']
160, 반창꼬, 정기훈, ['고수', '한효주'], ['마동석', '김성오', '쥬니', '진서연', '홍지원)']
161, 더 파이브, 정연식, ['김선아', '마동석', '정인기', '이청아', '박효주', '온주완'], ['신정근', '김현수', '오만석']
162, 국가대표 2, 김종현, ['수애', '오달수', '오연서'], ['하재숙', '김슬기', '김예원', '진지희']
163, 열정같은소리하고있네, 정기훈, ['정재영', '박보영'], ['오달수', '배성우', '류덕환', '류현경', '진경', '윤균상', '유하복']
164, 그날의 분위기, 조규장, ['문채원', '유연석'], ['조재윤', '김슬기', '이해영', '이연두', '박민우']
165, 아빠는 딸, 김형협, ['윤제문', '정소민'], ['이일화', '신구', '이미도', '강기영', '박혁권', '허가윤', '도희', '이유진']
166, 사냥, 이우철, ['안성기', '조진웅', '한예리', '권율', '손현주', '박병은'], ['김주형']
167, 널 기다리며, 모홍진, ['심은경', '윤제문', '김성오'], ['오태경', '정해균', '안재홍', '김원해']
168, 플랜맨, 성시흡, ['정재영', '한지민'], ['박진우', '박진주', '성기욱', '김지영', '김지훈', '장광', '박길수', '유승목', '차예련']
169, 조선마술사, 김대승, ['유승호', '고아라', '곽도원', '조윤희'], ['이경영', '박철민', '손병호', '조달환', '장유상', '임종윤', '박충선']
170, 특종: 량첸살인기, 노덕, ['조정석', '이미숙', '이하나'], ['김의성', '배성우', '김대명', '태인호', '김민재', '윤다경']
171, 서부전선, 천성일, ['설경구', '여진구'], ['이경영', '정성화', '정인기', '김원해', '정석원', '김선영', '조희봉']
172, 우는 남자, 이정범, ['장동건', '김민희'], ['민성욱', '김성오', '김원범', '김준성', '박병은', '전배수', '이영란', '김희원', '김소진']
173, 황제를 위하여, 박상준, ['이민기', '박성웅', '이태임'], ['박진우', '김진혁', '유재명', '한재영']
174, 패션왕, 오기환, ['주원', '최진리', '안재현', '박세영', '김성오'], ['김한나', '이일화', '이동휘']
175, 사이코메트리, 권호영, ['김강우', '김범', '박혁권', '이준혁', '서현철', '박성웅', '서영화'], ['유승목']
176, 7년의 밤, 추창민, ['류승룡', '장동건', '송새벽', '고경표'], ['이레', '탕준상', '이상희']
177, 몬스터, 황인호, ['이민기', '김고은', '김뢰하'], ['안서현', '윤진하', '박병은', '김부선', '이현빈', '남경읍', '배성우', '유재명', '조복래']
178, 헬머니, 신한솔, ['김수미', '정만식', '김정태', '이태란', '이성민', '이영은', '이영은', '박준금'], ['홍성덕', '조영진', '장원영', '박충선']
179, 가려진 시간, 엄태화, ['강동원', '신은수', '이효제'], ['김희원', '권해효', '김단율', '정우진', '엄태구', '박종환']
180, 남자사용설명서, 이원석, ['이시영', '오정세', '이원종'], ['박영규', '김정태', '배성우', '김준성', '김민재', '경수진']
181, 캐치미, 이현종, ['김아중', '주원'], ['강남현', '김영주', '배성우']
182, 무서운 이야기 2, 김성호, ['박성웅', '이세영', '성준', '이수혁', '백진희', '김슬기', '정인선', '고경표', '김지원'], ['우혜진']
183, 또 하나의 약속, 김태윤, ['박철민', '김규리', '윤유선', '박희정', '유세형'], ['이경영', '정진영', '김영재', '김선영']
184, 침묵, 정지우, ['최민식', '박신혜', '류준열'], ['이하늬', '박해준', '조한철', '이수경']
185, 그날, 바다, 김지영, ['정우성'], ['김어준']
186, 해어화, 박흥식, ['한효주', '유연석', '천우희', '박성웅'], ['장영남', '이한위', '류혜영', '김수안', '장인섭']
187, 계춘할망, 창, ['윤여정', '김고은', '김희원'], ['신은정', '최민호', '류준열', '양익준', '박민지', '남태부']
188, 소녀괴담, 오인천, ['강하늘', '김소은'], ['김정태', '한혜린', '박두식', '이아현', '전소연', '이승현', '박충선']
189, 조선미녀삼총사, 박제현, ['하지원', '강예원', '가인', '고창석', '주상욱', '최성민'], ['박동빈', '하용진', '강민호']
190, 넛잡: 땅콩 도둑들, 피터 레페니오티스, ['윌 아넷', '브렌든 프레이저', '리암 니슨', '캐서린 헤이글', '싸이'], ['안홍주', '하회진']
191, 로봇, 소리, 이호재, ['이성민', '이희준', '이하늬', '김원해', '채수빈', '심은경'], ['곽시양', '이영진', '전국환', '류준열']
192, 위험한 상견례 2, 김진영, ['진세연', '홍종현'], ['신정근', '박은혜']
193, 리얼, 이사랑, ['김수현', '성동일', '이성민'], ['최진리', '조우진', '이경영', '김홍파', '정인겸', '최권', '한지은', '이성민']
194, 마담 뺑덕, 임필성, ['정우성', '이솜'], ['김희원']
195, 순수의 시대, 안상훈, ['신하균', '장혁', '강한나', '강하늘'], ['양영조', '손병호', '최무성', '기주봉', '이재용', '문영동']
196, 노브레싱, 조용선, ['서인국', '이종석', '권유리'], ['박철민', '박정철', '신민철', '김재영', '선우재덕']
197, 반드시 잡는다, 김홍선, ['백윤식', '성동일'], ['천호진', '배종옥', '조달환', '김혜인', '박형수', '손종학', '이칸희', '박지현']
198, 뽀로로 극장판 컴퓨터 왕국 대모험, 박영균, ['이선', '이미자', '함수정', '홍소영', '정미숙', '김서영', '김환진', '엄상현', '홍범기'], ['김우택']
199, 원라인, 양경모, ['임시완', '진구', '박병은', '이동휘', '김선영'], ['박종환', '왕지원', '박유환', '안세하', '조우진', '이석호']
200, 협녀, 칼의 기억, 박흥식, ['이병헌', '전도연', '김고은'], ['이경영', '김태우', '이준호', '배수빈', '문성근', '김수안']
201, 터닝메카드W: 블랙미러의 부활, 홍헌표, ['소연', '윤아영', '신용우', '장광', '강호철', '안영미', '윤미나', '이재현'], ['심혜원', '이남훈', '최종일', '김선태']
202, 창수, 이덕희, ['임창정', '안내상', '정성화', '손은서'], ['방준호', '지대한', '전국환']
203, 오피스, 홍원찬, ['고아성', '박성웅'], ['배성우', '김의성', '류현경', '이채은', '오대환', '박정민', '최병모', '기주봉']
204, 나를 잊지 말아요, 이윤정, ['정우성', '김하늘', '임주은'], ['배성우', '장영남', '조이진', '허진', '이준혁']
205, 신이 보낸 사람, 김진무, ['김인권', '홍경인', '기주봉', '안병경', '최규환', '안병경'], ['최규환', '조덕제', '김재화', '이정민', '김은혜']
206, 흥부: 글로 세상을 바꾼 자, 조근현, ['정우', '김주혁'], ['정진영', '김원해', '정상훈', '정해인', '곽동연']
207, 무뢰한, 오승욱, ['김남길', '전도연', '박성웅'], ['곽도원', '강태영', '박지환']
208, 넛잡 2, 캘런 브런커, ['윌 아넷', '캐서린 헤이글', '성룡', '이사벨라 모너'], ['해리 린든', '김종수', '이영기', '김종한', '밥 발렌', '김성환']
209, 좋은 친구들, 이도윤, ['지성', '주지훈', '이광수'], ['최병모', '최진호']
210, 내 심장을 쏴라, 문제용, ['이민기', '여진구'], ['유오성', '김정태', '김기천', '신구', '송영창', '박충선', '박두식', '한혜린']
211, 나의 독재자, 이해준, ['설경구', '박해일', '윤제문', '이병준', '류혜영', '이규형', '김철환'], ['민경진', '이준혁', '배성우', '전국환']
212, 보통사람, 김봉한, ['손현주', '장혁'], ['김상호', '라미란', '정만식', '조달환', '지승현', '오연아', '강현구', '이유진']
213, 소수의견, 김성제, ['윤계상', '유해진', '김옥빈'], ['이경영', '장광', '권해효', '김의성', '조복래', '김종수', '박충선']
214, 대장 김창수, 이원태, ['조진웅', '송승헌', '정만식', '정진영'], ['신정근', '유승목', '정규수', '이서원', '곽동연']
215, 경성학교: 사라진 소녀들, 이해영, ['박보영', '엄지원', '박소담'], ['공예지', '주보비', '박성연', '심희섭', '고원희', '박주희']
216, 석조저택 살인사건, 정식, ['고수', '김주혁', '문성근', '박성웅', '임화영'], ['황인아', '임태훈', '전민', '신영진', '신영진', '정우식', '정유빈', '조원진', '조유찬', '조한별', '이대영', '이유진', '이유진', '이자은', '이정섭', '이주연', '이주연', '이주현', '홍의정', '황재욱', '고민우']
217, 싱글라이더, 이주영, ['이병헌', '공효진', '안소희'], ['진남수', '장요한', '최병구', '이상원']
218, 7호실, 이용승, ['신하균', '도경수'], ['김동영', '김종수', '김종구', '전석호', '황정민', '정희태', '김도윤', '정승길']
219, 치외법권, 신동엽, ['임창정', '최다니엘'], ['임은경', '장광', '이경영', '문제영', '정한비', '조원재', '최병모']
220, 하이힐, 장진, ['차승원', '오정세', '이솜', '고경표', '박성웅', '김병옥'], ['이 동 길', '이상화', '이언정', '민준호', '송영창', '이엘', '안길강', '조복래', '이용녀']
221, 미나문방구, 정익환, ['최강희', '봉태규'], ['김원해', '박사랑']
222, 사랑하기 때문에, 주지홍, ['차태현', '김유정', '서현진'], ['박근형', '선우용녀', '성동일', '배성우', '임주환', '김윤혜', '오나라', '김사희', '장도윤', '김강훈']
223, 희생부활자, 곽경택, ['김래원', '김해숙', '성동일', '전혜진', '장영남'], ['박은혜', '장성훈', '전인한', '정현수', '오세진', '이승진', '함영준', '이주연', '이준혁', '이확광', '김성구']
224, 극적인 하룻밤, 하기호, ['윤계상', '한예리', '박효주'], ['조복래', '박병은', '정수영', '이지훈', '김재화', '김의성']
225, 도리화가, 이종필, ['류승룡', '배수지', '송새벽', '김남길'], ['이동휘', '안재홍', '김태훈']
226, 레드카펫, 박범수, ['윤계상', '고준희', '오정세', '조달환', '황찬성', '신지수'], ['장래군', '허진', '이미도', '안재홍']
227, 위대한 소원, 남대중, ['류덕환', '김동영', '안재홍', '전노민', '전미선'], ['우지원']
228, 개를 훔치는 완벽한 방법, 김성호, ['김혜자', '이레', '최민수', '강혜정', '이천희', '이지원', '홍은택'], ['김도엽']
229, 덕구, 방수인, ['이순재', '정지훈'], ['장광', '성병숙', '차순배', '박지윤']
230, 혼숨, 이두환, ['류덕환', '조복래'], ['이수빈']
231, 다이노 타임, 최윤석, ['멜라니 그리피스', '제인 린치', '윌리엄 볼드윈', '스티븐 볼드윈', '롭 슈나이더', '유리 로웬탈'], ['김현민']
232, 극장판 안녕 자두야, 손석우, ['여민정', '양정화'], ['이수진']
233, 롤러코스터, 하정우, ['정경호', '한성천', '김재화', '최규환', '김기천', '김병옥', '강신철', '김성균'], ['고성희']
234, 공범자들, 최승호, ['이명박', '김재철', '김장겸', '고대영'], ['정상진']
235, 함정, 권형진, ['마동석', '조한선', '김민경'], ['지안']
236, 밤의 여왕, 김제영, ['천정명', '김민정'], ['이동휘', '이미도', '한보름', '지대한']
237, 비밀은 없다, 이경미, ['손예진', '김주혁'], ['신지훈', '김소희']
238, 소셜포비아, 홍석재, ['변요한', '이주승', '하윤경', '류준열'], ['이강욱', '배유람', '전신환']
239, 미옥, 이안규, ['김혜수', '이선균', '이희준'], ['최무성', '김민석', '오하늬', '여이레', '박주연']
240, 어느날, 이윤기, ['김남길', '천우희'], ['전유림']
241, 순정, 이은희, ['도경수', '김소현', '연준석', '이다윗', '주다영'], ['박용우', '박해준', '김지호', '이대연', '황석정', '박정민', '김권', '박충선']
242, 치즈인더트랩, 김제영, ['박해진', '오연서', '박기웅', '유인영'], ['오종혁', '박산다라', '문지윤', '김현진']
243, 분노의 윤리학, 박명랑, ['이제훈', '조진웅', '김태훈', '곽도원', '문소리'], ['이승준', '고성희', '박길수']
244, 한공주, 이수진, ['천우희', '정인선', '김소영'], ['김현준', '민경진', '이영란', '유승목']
245, 1급기밀, 홍기선, ['김상경', '김옥빈', '최무성', '최귀화', '김병철'], ['최고']
246, 연애의 맛, 김아론, ['오지호', '강예원'], ['최령']
247, 덕수리 5형제, 전형준, ['윤상현', '송새벽', '이아이', '황찬성', '이광수', '김지민'], ['박충선']
248, 남과 여, 이윤기, ['전도연', '공유'], ['이미소', '정선경', '윤세아', '김혜옥', '박민지']
249, 무현, 두 도시 이야기, 전인환, ['김원명', '노무현'], ['조은성', '김수범']
250, 응징자, 신동엽, ['양동근', '주상욱', '이태임'], ['한유미', '전국환', '손강국', '김권', '장태성', '반민정']
251, 글로리데이, 최정열, ['지수', '김준면', '류준열', '김희찬'], ['김동완', '김종수', '문희경', '유하복', '이주실']
252, 마이 리틀 히어로, 김성훈, ['김래원', '지대한', '이성민', '조안', '이광수)', '이민아'], ['이청미', '이효선', '조선아', '최지연', '김원해', '이해영', '김강일', '강두']
253, 채비, 조영준, ['고두심', '김성균'], ['유선', '박철민', '김희정']
254, 톱스타, 박중훈, ['엄태웅', '김민준', '소이현', '김준성'], ['강성진']
255, 아빠를 빌려드립니다, 김덕수, ['김상경', '문정희', '채정안', '조재윤'], ['남보라']
256, 대배우, 석민우, ['오달수', '윤제문', '이경영', '진경'], ['강신일', '최병모', '박지환', '박호산']
257, 노리개, 최승호, ['마동석', '이승연', '민지현'], ['서태화', '기주봉']
258, 최강전사 미니특공대 : 새로운 악당의 습격, 이영준, ['엄상현', '전태열', '신용우'], ['김병우', '김성수', '김수훈', '김웅주', '민현기', '정영홍', '최신규']
259, 달빛궁궐, 김현주, ['김서영', '이하늬', '권율', '김슬기'], ['신용우', '이장원', '시영준', '이상범', '이현', '강시현', '문유정', '정주원 목소리 역 외)', '신경선', '이유리']
260, 비정규직 특수요원, 김덕수, ['강예원', '한채아'], ['조재윤', '김민교', '김성은', '남성진', '동현배', '남궁민', '이정민']
261, 워킹걸, 정범식, ['조여정', '클라라', '김태우'], ['배성우', '라미란', '김영옥', '김보연', '오나라']
262, 가문의 영광5 - 가문의 귀환, 정용기, ['정준호', '김민정', '유동근', '성동일', '박근형', '박상욱', '윤두준', '황광희', '유민', '손나은', '유혜정', '왕석현'], ['윤문식']
263, 서울역, 연상호, ['류승룡', '심은경', '이준', '오윤석'], ['연상호', '연상호', '연상호', '연상호', '이건우', '이동하', '이상희)', '이상희)', '최길수']
264, 지슬 - 끝나지 않은 세월2, 오멸, ['이경준', '홍상표', '문석범', '양정원', '박순동'], ['오영순', '장경섭', '우성욱', '조은', '주정애', '성민철', '백종환']
265, 은밀한 유혹, 윤재구, ['임수정', '유연석', '곽민호'], ['이경영', '박철민', '진경', '도희']
266, 가시, 김태균, ['장혁', '조보아', '선우선', '이도아'], ['박정희', '박진영', '박현준', '장재원', '유지연', '윤승현', '이상미', '이동준', '이영진', '이종은', '김미경', '김예은', '최원석']
267, 극장판 또봇: 로봇군단의 습격, 이달, ['하룡이', '신경선', '이현'], ['안효민', '윤민영']
268, 화장, 임권택, ['안성기', '김규리', '김호정'], ['연우진', '김병춘']
269, 나를 기억해, 이한욱, ['이유영', '김희원'], ['오하늬', '이학주', '김다미']
270, 극장판 꼬마버스 타요의 에이스 구출작전, 류정우, ['김동열', '김영석', '김영익'], ['박은설', '공병필', '공병필']
271, 로마의 휴일, 이덕희, ['임창정', '공형진', '정상훈'], ['박희진']
272, 나의 절친 악당들, 임상수, ['류승범', '고준희', '류현경'], ['샘 오취리', '김응수', '정원중', '양익준', '김주혁', '김형규']
273, 자백, 최승호, ['최승호'], ['김용진']
274, 맨홀, 신재영, ['정경호', '정유미', '김새론'], ['최덕문']
275, 눈길, 이나정, ['김영옥', '김향기', '김새론'], ['조수향', '서영주', '장영남', '이승연']
276, 저수지 게임, 최진성, ['주진우'], ['김보람']
277, 시간위의 집, 임대웅, ['김윤진', '옥택연', '조재윤'], ['이한위', '박준면', '백도빈']
278, 서서평, 천천히 평온하게, 홍주연, ['윤안나', '안은새'], ['강다연', '도세진', '민주홍', '박사라', '이상운', '진미혜', '최용수', '최진']
279, 퇴마: 무녀굴, 김휘, ['김성균', '유선', '천호진', '차예련', '김혜성', '임화영'], ['윤지민', '김소진']
280, 죽여주는 여자, 이재용, ['윤여정', '전무송', '윤계상'], ['김한나', '박성진', '윤효진']
281, 여교사, 김태용, ['김하늘', '유인영', '이원근', '이원근'], ['이기우']
282, 최강전사 미니특공대: 영웅의 탄생, 이영준, ['엄상현', '양정화', '전태열'], ['박상글', '김수훈', '김웅주', '민현기']
283, 배우는 배우다, 신연식, ['이준', '서영희', '강신효'], ['서범석', '이화시', '오광록', '마동석', '양동근', '김형준']
284, 도희야, 정주리, ['배두나', '김새론', '송새벽'], ['박진우', '손종학', '공명']
285, 더 테이블, 김종관, ['정유미', '한예리', '정은채', '임수정'], ['전성우']
286, 루시드 드림, 김준성, ['고수', '설경구'], ['박유천', '강혜정', '박인환', '천호진', '이석']
287, 게이트, 신동엽, ['정려원', '임창정', '정상훈'], ['이경영', '이문식']
288, 돌연변이, 권오광, ['이광수', '이천희', '박보영'], ['장광', '이병준', '김희원', '강봉성']
289, 미니특공대X, 이영준, ['엄상현', '전태열', '이소영', '신용우'], ['이용혁', '김병우']
290, 김광석, 이상호, ['김광석'], ['이상호']
291, 슈퍼 빼꼼: 스파이 대작전, 임아론, ['김태균', '최정현'], ['최낙윤', '남도형', '윤용식', '김성연', '박상호']
292, 걷기왕, 백승화, ['심은경'], ['박주희', '김새벽', '허정도', '윤지원', '안승균', '김광규', '김정영']
293, 무서운 이야기 3 : 화성에서 온 소녀, 백승빈, ['임슬옹', '경수진', '박정민', '홍은희', '차지연'], ['김수안']
294, 일사각오, 권혁만, ['이지형', '설지윤', '서광재'], ['김영호', '오기영', '임준성', '최훈호']
295, 살인자, 이기욱, ['마동석', '안도규', '김현수'], ['김영민', '김혜나']
296, 슈퍼 프렌즈, 이경호, ['변현우', '김지혜', '박조호', '서지연', '남도형', '홍진욱', '김승태', '오인성'], ['유지현', '이세은']
297, 다이노X 탐험대, 이동희, ['정준하', '하동훈'], ['다이노X 탐험대', '유해진']
298, 터널 3D, 박규택, ['정유미', '연우진', '송재림', '정시연'], ['김윤아', '손병호']
299, 최악의 하루, 김종관, ['한예리', '이와세 료', '권율'], ['이희준', '이승연']
300, 지금은맞고그때는틀리다, 홍상수, ['정재영', '김민희'], ['윤여정', '기주봉', '최화정', '유준상', '서영화', '고아성']
301, 쓰리 썸머 나잇, 김상진, ['김동욱', '임원희', '손호준', '윤제문', '류현경', '심은진'], ['이채영', '전은진', '정승민', '박현수', '홍광석', '김승필', '이신범']
302, 엽기적인 그녀 2, 조근식, ['차태현', '빅토리아', '배성우'], ['후지이 미나', '최진호', '송옥숙']
303, 정글히어로, 박태동, ['심규혁', '조성목', '김현지', '양세나', '남도형', '안장혁'], ['김기철', '이상헌', '김무규']
304, 번개맨, 조근현, ['정현진', '루나'], ['이창훈', '우종범']
305, 우리 선희, 홍상수, ['정유미', '이선균', '김상중', '정재영', '이민우', '예지원'], ['박주희']
306, 닥터, 김성홍, ['김창완', '배소은', '하은설'], ['반민정']
307, 올레, 채두병, ['신하균', '박희순', '오만석', '유다인'], ['변준석']
308, 뷰티풀 투모로우, 장재혁, ['박효신', '정재일', '에드가 킨테로'], ['박제훈', '장은진', '정하균']
309, 경주, 장률, ['박해일', '신민아', '김태훈', '신민아'], ['신소율', '윤진서', '이은우', '김수안)', '최배영']
310, 두 남자, 이성태, ['마동석', '최민호'], ['이유진']
311, 번개맨과 신비의 섬, 김지열, ['서홍석', '유수호', '최오식', '이상철', '김수미'], ['윤현진']
312, 순종, 김동민, ['최강희', '최수종', '김은혜'], ['김영화)']
313, 밤의 해변에서 혼자, 홍상수, ['김민희', '정재영'], ['서영화', '권해효', '송선미', '문성근', '안재홍', '박예주', '신선', '공민정']
314, 극장판 프랭키와 친구들: 생명의 나무, 박정오, ['이소은'], ['박정오']
315, 소공녀, 전고운, ['이솜', '안재홍'], ['김순모']
316, 고녀석 맛나겠다2 : 함께라서 행복해, 최경석, ['엄상현', '시영준', '안장혁'], ['정주원', '안효민', '이경태', '이경태']
317, 그물, 김기덕, ['류승범', '이원근'], ['김영민', '최귀화', '안지혜', '이은우']
318, 빅뱅 메이드, 변진호, ['G-드래곤', '태양', '최승현', '대성', '승리'], ['양민석', '양현석', '오동원']
319, 잡아야 산다, 오인천, ['김승우', '김정태', '한상혁'], ['신강우', '김민규', '문용석', '최호중', '이해준', '조창근', '서범식']
320, 길위에서, 이창재, ['임소연'], ['최병화']
321, 블랙 가스펠, 히즈엠티 선교회, ['양동근', '정준', '김유미', '박수용'], ['김효식']
322, 머니백, 허준형, ['김무열', '박희순', '이경영', '전광렬', '임원희', '오정세', '김민교'], ['이종석']
323, 미안해 사랑해 고마워, 전윤수, ['지진희', '김성균', '성유리', '이계인'], ['김영철', '곽지혜', '서강준', '강민호', '김수연', '김원진', '유혜인', '김재화', '정은표', '이주연']
324, 더 테너 리리코 스핀토, 김상만, ['유지태', '차예련', '이세야 유스케'], ['김기현']
325, 젝스키스 에이틴, , ['은지원', '이재진', '장수원', '김재덕', '강성훈'], ['양민석']
326, 다이빙벨, 이상호, ['이상호', '이종인'], ['김영우', '정현우', '정상민', '황혜림']
327, 제자, 옥한흠, 김상철, ['권오중', '성유리', '옥한흠'], ['김상철', '안성수']
328, 비밀, 박은경, ['성동일', '김유정', '손호준'], ['임형준', '서예지', '진경', '남일우']
